964,South African Rock Hyrax,Procavia capensis capensis,Sensory,Spices,curry,Always use sparingly,Rubed on furnature or hidden in enclosure or other manipulanda
964,South African Rock Hyrax,Procavia capensis capensis,Sensory,Spices,thyme,Always use sparingly,Rubed on furnature or hidden in enclosure or other manipulanda
964,South African Rock Hyrax,Procavia capensis capensis,Sensory,Spices,all spice,Always use sparingly,Rubed on furnature or hidden in enclosure or other manipulanda
964,South African Rock Hyrax,Procavia capensis capensis,Sensory,Spices,dill,Always use sparingly,Rubed on furnature or hidden in enclosure or other manipulanda
964,South African Rock Hyrax,Procavia capensis capensis,Sensory,Spices,celery seed,Always use sparingly,Rubed on furnature or hidden in enclosure or other manipulanda
964,South African Rock Hyrax,Procavia capensis capensis,Sensory,Spices,old bay seasoning,Always use sparingly,Rubed on furnature or hidden in enclosure or other manipulanda
964,South African Rock Hyrax,Procavia capensis capensis,Sensory,Spices,bay leaves,Always use sparingly,Rubed on furnature or hidden in enclosure or other manipulanda
964,South African Rock Hyrax,Procavia capensis capensis,Sensory,Spices,whole balck peppercorn,Always use sparingly,Rubed on furnature or hidden in enclosure or other manipulanda
964,South African Rock Hyrax,Procavia capensis capensis,Sensory,Spices,parsley,Always use sparingly,Rubed on furnature or hidden in enclosure or other manipulanda
964,South African Rock Hyrax,Procavia capensis capensis,Sensory,Spices,mustard seed,Always use sparingly,Rubed on furnature or hidden in enclosure or other manipulanda
964,South African Rock Hyrax,Procavia capensis capensis,Sensory,Spices,oregano,Always use sparingly,Rubed on furnature or hidden in enclosure or other manipulanda
964,South African Rock Hyrax,Procavia capensis capensis,Sensory,Spices,all seasoning,Always use sparingly,Rubed on furnature or hidden in enclosure or other manipulanda
964,South African Rock Hyrax,Procavia capensis capensis,Sensory,Spices,lavender,Always use sparingly,Rubed on furnature or hidden in enclosure or other manipulanda
964,South African Rock Hyrax,Procavia capensis capensis,Sensory,Spices,cumin,Always use sparingly,Rubed on furnature or hidden in enclosure or other manipulanda
964,South African Rock Hyrax,Procavia capensis capensis,Sensory,Spices,coriander,Always use sparingly,Rubed on furnature or hidden in enclosure or other manipulanda
964,South African Rock Hyrax,Procavia capensis capensis,Sensory,Spices,orange peel,Always use sparingly,Rubed on furnature or hidden in enclosure or other manipulanda
964,South African Rock Hyrax,Procavia capensis capensis,Sensory,Spices,red pepper,Always use sparingly,Rubed on furnature or hidden in enclosure or other manipulanda
964,South African Rock Hyrax,Procavia capensis capensis,Sensory,Spices,fennel,Always use sparingly,Rubed on furnature or hidden in enclosure or other manipulanda
964,South African Rock Hyrax,Procavia capensis capensis,Sensory,Spices,cinnamon sticks,Always use sparingly,Rubed on furnature or hidden in enclosure or other manipulanda
964,South African Rock Hyrax,Procavia capensis capensis,Sensory,scents/extracts,chinchilla dust - scented,Always use sparingly,Rubed on furnature or hidden in enclosure or other manipulanda
964,South African Rock Hyrax,Procavia capensis capensis,Sensory,scents/extracts,almond oil,Always use sparingly,Rubed on furnature or hidden in enclosure or other manipulanda
964,South African Rock Hyrax,Procavia capensis capensis,Sensory,scents/extracts,banana oil,Always use sparingly,Rubed on furnature or hidden in enclosure or other manipulanda
964,South African Rock Hyrax,Procavia capensis capensis,Sensory,scents/extracts,sage oil,Always use sparingly,Rubed on furnature or hidden in enclosure or other manipulanda
964,South African Rock Hyrax,Procavia capensis capensis,Sensory,scents/extracts,red apple mint oil,Always use sparingly,Rubed on furnature or hidden in enclosure or other manipulanda
964,South African Rock Hyrax,Procavia capensis capensis,Sensory,scents/extracts,candy cane oil,Always use sparingly,Rubed on furnature or hidden in enclosure or other manipulanda
964,South African Rock Hyrax,Procavia capensis capensis,Sensory,scents/extracts,gardenia oil,Always use sparingly,Rubed on furnature or hidden in enclosure or other manipulanda
964,South African Rock Hyrax,Procavia capensis capensis,Sensory,scents/extracts,rose mary oil,Always use sparingly,Rubed on furnature or hidden in enclosure or other manipulanda
964,South African Rock Hyrax,Procavia capensis capensis,Sensory,scents/extracts,chocolate mint oil,Always use sparingly,Rubed on furnature or hidden in enclosure or other manipulanda
964,South African Rock Hyrax,Procavia capensis capensis,Sensory,scents/extracts,chocolate oil,Always use sparingly,Rubed on furnature or hidden in enclosure or other manipulanda
964,South African Rock Hyrax,Procavia capensis capensis,Sensory,scents/extracts,rose oil,Always use sparingly,Rubed on furnature or hidden in enclosure or other manipulanda
964,South African Rock Hyrax,Procavia capensis capensis,Sensory,scents/extracts,nutmeg geranium oil,Always use sparingly,Rubed on furnature or hidden in enclosure or other manipulanda
964,South African Rock Hyrax,Procavia capensis capensis,Sensory,scents/extracts,basil oil,Always use sparingly,Rubed on furnature or hidden in enclosure or other manipulanda
964,South African Rock Hyrax,Procavia capensis capensis,Sensory,scents/extracts,citrus spearmint oil,Always use sparingly,Rubed on furnature or hidden in enclosure or other manipulanda
964,South African Rock Hyrax,Procavia capensis capensis,Sensory,scents/extracts,hand lotions,Always use sparingly,Rubed on furnature or hidden in enclosure or other manipulanda
964,South African Rock Hyrax,Procavia capensis capensis,Sensory,scents/extracts,shampoos,Always use sparingly,Rubed on furnature or hidden in enclosure or other manipulanda
964,South African Rock Hyrax,Procavia capensis capensis,Sensory,scents/extracts,conditioner,Always use sparingly,Rubed on furnature or hidden in enclosure or other manipulanda
964,South African Rock Hyrax,Procavia capensis capensis,Sensory,scents/extracts,body oil,Always use sparingly,Rubed on furnature or hidden in enclosure or other manipulanda
964,South African Rock Hyrax,Procavia capensis capensis,Sensory,scents/extracts,perfume,Always use sparingly,Rubed on furnature or hidden in enclosure or other manipulanda
964,South African Rock Hyrax,Procavia capensis capensis,Foraging ,Foods,browse,As Per Diet Sheet,
964,South African Rock Hyrax,Procavia capensis capensis,Foraging ,Foods,Crystal Light,,
964,South African Rock Hyrax,Procavia capensis capensis,Foraging ,Foods,Kitty Grass,Nutrition to set amount,
964,South African Rock Hyrax,Procavia capensis capensis,Foraging ,Foarge Subs.,mulch,,
964,South African Rock Hyrax,Procavia capensis capensis,Foraging ,Foarge Subs.,sod,,
964,South African Rock Hyrax,Procavia capensis capensis,Foraging ,Foarge Subs.,dried leaves,,
964,South African Rock Hyrax,Procavia capensis capensis,Foraging ,Foarge Subs.,bermuda hay,,
964,South African Rock Hyrax,Procavia capensis capensis,Manipulanda,Natural,ice blocks,,
964,South African Rock Hyrax,Procavia capensis capensis,Manipulanda,Manufactured,sono-tube (cardboard),,
964,South African Rock Hyrax,Procavia capensis capensis,Manipulanda,Manufactured,mirror,,
964,South African Rock Hyrax,Procavia capensis capensis,Manipulanda,Manufactured,basket,,
964,South African Rock Hyrax,Procavia capensis capensis,Manipulanda,Manufactured,cardboard boxes,,
964,South African Rock Hyrax,Procavia capensis capensis,Manipulanda,Manufactured,paper bags,,
964,South African Rock Hyrax,Procavia capensis capensis,Manipulanda,Manufactured,pinata,,
964,South African Rock Hyrax,Procavia capensis capensis,Manipulanda,Manufactured,boomer ball,,
964,South African Rock Hyrax,Procavia capensis capensis,Manipulanda,Manufactured,bubbles,,
964,South African Rock Hyrax,Procavia capensis capensis,Manipulanda,Manufactured,cardboard tubes,,
964,South African Rock Hyrax,Procavia capensis capensis,Social/Behavioral,Behavioral,Animal Presentations,If suitable and approved,
964,South African Rock Hyrax,Procavia capensis capensis,Social/Behavioral,Behavioral,PO.R. Training,Following Training plan,
964,South African Rock Hyrax,Procavia capensis capensis,Social/Behavioral,Social,Social Housing,If compatable,
964,South African Rock Hyrax,Procavia capensis capensis,Structure/Substrate,Exhibit Mod.,New Perching/Climbing,Must have supervisor approval,
964,South African Rock Hyrax,Procavia capensis capensis,Structure/Substrate,Exhibit Mod.,Water Feature,Must have supervisor approval,
964,South African Rock Hyrax,Procavia capensis capensis,Structure/Substrate,Exhibit Mod.,New Substrate,Must have supervisor approval,
964,South African Rock Hyrax,Procavia capensis capensis,Structure/Substrate,Exhibit Mod.,New Plants,Must have supervisor approval,
964,South African Rock Hyrax,Procavia capensis capensis,Structure/Substrate,Exhibit Mod.,New Shelter,Must have supervisor approval,
7752,Southern Three-banded Armadillo,Tolypeutes matacus,Sensory,Spices,oregano,Always use sparingly,Rubed on furnature or hidden in enclosure or other manipulanda
7752,Southern Three-banded Armadillo,Tolypeutes matacus,Sensory,Spices,all seasoning,Always use sparingly,Rubed on furnature or hidden in enclosure or other manipulanda
7752,Southern Three-banded Armadillo,Tolypeutes matacus,Sensory,Spices,curry,Always use sparingly,Rubed on furnature or hidden in enclosure or other manipulanda
7752,Southern Three-banded Armadillo,Tolypeutes matacus,Sensory,Spices,thyme,Always use sparingly,Rubed on furnature or hidden in enclosure or other manipulanda
7752,Southern Three-banded Armadillo,Tolypeutes matacus,Sensory,Spices,all spice,Always use sparingly,Rubed on furnature or hidden in enclosure or other manipulanda
7752,Southern Three-banded Armadillo,Tolypeutes matacus,Sensory,Spices,dill,Always use sparingly,Rubed on furnature or hidden in enclosure or other manipulanda
7752,Southern Three-banded Armadillo,Tolypeutes matacus,Sensory,Spices,celery seed,Always use sparingly,Rubed on furnature or hidden in enclosure or other manipulanda
7752,Southern Three-banded Armadillo,Tolypeutes matacus,Sensory,Spices,old bay seasoning,Always use sparingly,Rubed on furnature or hidden in enclosure or other manipulanda
7752,Southern Three-banded Armadillo,Tolypeutes matacus,Sensory,Spices,bay leaves,Always use sparingly,Rubed on furnature or hidden in enclosure or other manipulanda
7752,Southern Three-banded Armadillo,Tolypeutes matacus,Sensory,Spices,whole black peppercorn,Always use sparingly,Rubed on furnature or hidden in enclosure or other manipulanda
7752,Southern Three-banded Armadillo,Tolypeutes matacus,Sensory,Spices,parsley,Always use sparingly,Rubed on furnature or hidden in enclosure or other manipulanda
7752,Southern Three-banded Armadillo,Tolypeutes matacus,Sensory,Spices,mustard seed,Always use sparingly,Rubed on furnature or hidden in enclosure or other manipulanda
7752,Southern Three-banded Armadillo,Tolypeutes matacus,Sensory,Spices,lavender,Always use sparingly,Rubed on furnature or hidden in enclosure or other manipulanda
7752,Southern Three-banded Armadillo,Tolypeutes matacus,Sensory,Spices,cumin,Always use sparingly,Rubed on furnature or hidden in enclosure or other manipulanda
7752,Southern Three-banded Armadillo,Tolypeutes matacus,Sensory,Spices,coriander,Always use sparingly,Rubed on furnature or hidden in enclosure or other manipulanda
7752,Southern Three-banded Armadillo,Tolypeutes matacus,Sensory,Spices,orange peel,Always use sparingly,Rubed on furnature or hidden in enclosure or other manipulanda
7752,Southern Three-banded Armadillo,Tolypeutes matacus,Sensory,Spices,red pepper,Always use sparingly,Rubed on furnature or hidden in enclosure or other manipulanda
7752,Southern Three-banded Armadillo,Tolypeutes matacus,Sensory,Spices,fennel,Always use sparingly,Rubed on furnature or hidden in enclosure or other manipulanda
7752,Southern Three-banded Armadillo,Tolypeutes matacus,Sensory,Spices,cinnamon sticks,Always use sparingly,Rubed on furnature or hidden in enclosure or other manipulanda
7752,Southern Three-banded Armadillo,Tolypeutes matacus,Sensory,scents/extracts,almond oil,Always use sparingly,
7752,Southern Three-banded Armadillo,Tolypeutes matacus,Sensory,scents/extracts,banana oil,Always use sparingly,
7752,Southern Three-banded Armadillo,Tolypeutes matacus,Sensory,scents/extracts,sage oil,Always use sparingly,
7752,Southern Three-banded Armadillo,Tolypeutes matacus,Sensory,scents/extracts,red apple mint oil,Always use sparingly,
7752,Southern Three-banded Armadillo,Tolypeutes matacus,Sensory,scents/extracts,candy cane oil,Always use sparingly,
7752,Southern Three-banded Armadillo,Tolypeutes matacus,Sensory,scents/extracts,gardenia oil,Always use sparingly,
7752,Southern Three-banded Armadillo,Tolypeutes matacus,Sensory,scents/extracts,rose mary oil,Always use sparingly,
7752,Southern Three-banded Armadillo,Tolypeutes matacus,Sensory,scents/extracts,chocolate mint oil,Always use sparingly,
7752,Southern Three-banded Armadillo,Tolypeutes matacus,Sensory,scents/extracts,chocolate oil,Always use sparingly,
7752,Southern Three-banded Armadillo,Tolypeutes matacus,Sensory,scents/extracts,rose oil,Always use sparingly,
7752,Southern Three-banded Armadillo,Tolypeutes matacus,Sensory,scents/extracts,nutmeg geranium oil,Always use sparingly,
7752,Southern Three-banded Armadillo,Tolypeutes matacus,Sensory,scents/extracts,basil oil,Always use sparingly,
7752,Southern Three-banded Armadillo,Tolypeutes matacus,Sensory,scents/extracts,citrus speariment oil,Always use sparingly,
7752,Southern Three-banded Armadillo,Tolypeutes matacus,Sensory,scents/extracts,hand lotions,Always use sparingly,
7752,Southern Three-banded Armadillo,Tolypeutes matacus,Sensory,scents/extracts,shampoos,Always use sparingly,
7752,Southern Three-banded Armadillo,Tolypeutes matacus,Sensory,scents/extracts,conditioner,Always use sparingly,
7752,Southern Three-banded Armadillo,Tolypeutes matacus,Sensory,scents/extracts,body oil,Always use sparingly,
7752,Southern Three-banded Armadillo,Tolypeutes matacus,Sensory,scents/extracts,ground coffee,fresh not used,
7752,Southern Three-banded Armadillo,Tolypeutes matacus,Sensory,Fur/Hair,snake skin,gas sterilze first,
7752,Southern Three-banded Armadillo,Tolypeutes matacus,Sensory,Fur/Hair,Camel Hair,"if ingested, stop/call vets",
7752,Southern Three-banded Armadillo,Tolypeutes matacus,Foraging ,Foods,crystal light,,
7752,Southern Three-banded Armadillo,Tolypeutes matacus,Foraging ,Foods,jello,,
7752,Southern Three-banded Armadillo,Tolypeutes matacus,Foraging ,Foods,popcorn,In place of vegies,
7752,Southern Three-banded Armadillo,Tolypeutes matacus,Foraging ,Foarge Subs.,log,,"Rotton or not, drill holes and hide food to encourage foarging"
7752,Southern Three-banded Armadillo,Tolypeutes matacus,Foraging ,Foarge Subs.,banana leaves,"if ingested, stop/call vets",
7752,Southern Three-banded Armadillo,Tolypeutes matacus,Foraging ,Foarge Subs.,browse,"if ingested, stop/call vets",
7752,Southern Three-banded Armadillo,Tolypeutes matacus,Foraging ,Foarge Subs.,palm leaves,"if ingested, stop/call vets",
7752,Southern Three-banded Armadillo,Tolypeutes matacus,Foraging ,Foarge Subs.,mulch,,
7752,Southern Three-banded Armadillo,Tolypeutes matacus,Foraging ,Foarge Subs.,dirt,,
7752,Southern Three-banded Armadillo,Tolypeutes matacus,Foraging ,Foarge Subs.,ice,,
7752,Southern Three-banded Armadillo,Tolypeutes matacus,Foraging ,Foarge Subs.,sod,,
7752,Southern Three-banded Armadillo,Tolypeutes matacus,Foraging ,Foarge Subs.,dried leaves,,
7752,Southern Three-banded Armadillo,Tolypeutes matacus,Manipulanda,Natural,grass nests,,
7752,Southern Three-banded Armadillo,Tolypeutes matacus,Manipulanda,Manufactured,newspaper,,
7752,Southern Three-banded Armadillo,Tolypeutes matacus,Manipulanda,Manufactured,baskets,,
7752,Southern Three-banded Armadillo,Tolypeutes matacus,Manipulanda,Manufactured,cardboard boxes,"if ingested in lg amt, stop/call vet. No tape or staples",
7752,Southern Three-banded Armadillo,Tolypeutes matacus,Manipulanda,Manufactured,paper bags,,
7752,Southern Three-banded Armadillo,Tolypeutes matacus,Manipulanda,Manufactured,pinata,,
7752,Southern Three-banded Armadillo,Tolypeutes matacus,Manipulanda,Manufactured,cardboard tubes,,
7752,Southern Three-banded Armadillo,Tolypeutes matacus,Social/Behavioral,Behavioral,Animal Presentations,If suitable and approved,
7752,Southern Three-banded Armadillo,Tolypeutes matacus,Social/Behavioral,Behavioral,PO.R. Training,Following Training plan,
7752,Southern Three-banded Armadillo,Tolypeutes matacus,Social/Behavioral,Social,Social Housing,If compatable,
7752,Southern Three-banded Armadillo,Tolypeutes matacus,Structure/Substrate,Exhibit Mod.,New Perching/Climbing,Must have supervisor approval,
7752,Southern Three-banded Armadillo,Tolypeutes matacus,Structure/Substrate,Exhibit Mod.,Water Feature,Must have supervisor approval,
7752,Southern Three-banded Armadillo,Tolypeutes matacus,Structure/Substrate,Exhibit Mod.,New Substrate,Must have supervisor approval,
7752,Southern Three-banded Armadillo,Tolypeutes matacus,Structure/Substrate,Exhibit Mod.,New Plants,Must have supervisor approval,
7752,Southern Three-banded Armadillo,Tolypeutes matacus,Structure/Substrate,Exhibit Mod.,New Shelter,Must have supervisor approval,
7419,Guyanan Tamandua,Tamandua tetradactyla tetradactyla,Sensory,Spices,oregano,Always use sparingly,Rubed on furnature or hidden in enclosure or other manipulanda
7419,Guyanan Tamandua,Tamandua tetradactyla tetradactyla,Sensory,Spices,all seasoning,Always use sparingly,Rubed on furnature or hidden in enclosure or other manipulanda
7419,Guyanan Tamandua,Tamandua tetradactyla tetradactyla,Sensory,Spices,curry,Always use sparingly,Rubed on furnature or hidden in enclosure or other manipulanda
7419,Guyanan Tamandua,Tamandua tetradactyla tetradactyla,Sensory,Spices,thyme,Always use sparingly,Rubed on furnature or hidden in enclosure or other manipulanda
7419,Guyanan Tamandua,Tamandua tetradactyla tetradactyla,Sensory,Spices,all spice,Always use sparingly,Rubed on furnature or hidden in enclosure or other manipulanda
7419,Guyanan Tamandua,Tamandua tetradactyla tetradactyla,Sensory,Spices,dill,Always use sparingly,Rubed on furnature or hidden in enclosure or other manipulanda
7419,Guyanan Tamandua,Tamandua tetradactyla tetradactyla,Sensory,Spices,celery seed,Always use sparingly,Rubed on furnature or hidden in enclosure or other manipulanda
7419,Guyanan Tamandua,Tamandua tetradactyla tetradactyla,Sensory,Spices,old bay seasoning,Always use sparingly,Rubed on furnature or hidden in enclosure or other manipulanda
7419,Guyanan Tamandua,Tamandua tetradactyla tetradactyla,Sensory,Spices,bay leaves,Always use sparingly,Rubed on furnature or hidden in enclosure or other manipulanda
7419,Guyanan Tamandua,Tamandua tetradactyla tetradactyla,Sensory,Spices,whole black peppercorn,Always use sparingly,Rubed on furnature or hidden in enclosure or other manipulanda
7419,Guyanan Tamandua,Tamandua tetradactyla tetradactyla,Sensory,Spices,parsley,Always use sparingly,Rubed on furnature or hidden in enclosure or other manipulanda
7419,Guyanan Tamandua,Tamandua tetradactyla tetradactyla,Sensory,Spices,mustard seed,Always use sparingly,Rubed on furnature or hidden in enclosure or other manipulanda
7419,Guyanan Tamandua,Tamandua tetradactyla tetradactyla,Sensory,Spices,lavender,Always use sparingly,Rubed on furnature or hidden in enclosure or other manipulanda
7419,Guyanan Tamandua,Tamandua tetradactyla tetradactyla,Sensory,Spices,cumin,Always use sparingly,Rubed on furnature or hidden in enclosure or other manipulanda
7419,Guyanan Tamandua,Tamandua tetradactyla tetradactyla,Sensory,Spices,coriander,Always use sparingly,Rubed on furnature or hidden in enclosure or other manipulanda
7419,Guyanan Tamandua,Tamandua tetradactyla tetradactyla,Sensory,Spices,orange peel,Always use sparingly,Rubed on furnature or hidden in enclosure or other manipulanda
7419,Guyanan Tamandua,Tamandua tetradactyla tetradactyla,Sensory,Spices,red pepper,Always use sparingly,Rubed on furnature or hidden in enclosure or other manipulanda
7419,Guyanan Tamandua,Tamandua tetradactyla tetradactyla,Sensory,Spices,fennel,Always use sparingly,Rubed on furnature or hidden in enclosure or other manipulanda
7419,Guyanan Tamandua,Tamandua tetradactyla tetradactyla,Sensory,Spices,cinnamon sticks,Always use sparingly,Rubed on furnature or hidden in enclosure or other manipulanda
7419,Guyanan Tamandua,Tamandua tetradactyla tetradactyla,Sensory,scents/extracts,almond oil,Always use sparingly,
7419,Guyanan Tamandua,Tamandua tetradactyla tetradactyla,Sensory,scents/extracts,banana oil,Always use sparingly,
7419,Guyanan Tamandua,Tamandua tetradactyla tetradactyla,Sensory,scents/extracts,sage oil,Always use sparingly,
7419,Guyanan Tamandua,Tamandua tetradactyla tetradactyla,Sensory,scents/extracts,red apple mint oil,Always use sparingly,
7419,Guyanan Tamandua,Tamandua tetradactyla tetradactyla,Sensory,scents/extracts,candy cane oil,Always use sparingly,
7419,Guyanan Tamandua,Tamandua tetradactyla tetradactyla,Sensory,scents/extracts,gardenia oil,Always use sparingly,
7419,Guyanan Tamandua,Tamandua tetradactyla tetradactyla,Sensory,scents/extracts,rose mary oil,Always use sparingly,
7419,Guyanan Tamandua,Tamandua tetradactyla tetradactyla,Sensory,scents/extracts,chocolate mint oil,Always use sparingly,
7419,Guyanan Tamandua,Tamandua tetradactyla tetradactyla,Sensory,scents/extracts,chocolate oil,Always use sparingly,
7419,Guyanan Tamandua,Tamandua tetradactyla tetradactyla,Sensory,scents/extracts,rose oil,Always use sparingly,
7419,Guyanan Tamandua,Tamandua tetradactyla tetradactyla,Sensory,scents/extracts,nutmeg geranium oil,Always use sparingly,
7419,Guyanan Tamandua,Tamandua tetradactyla tetradactyla,Sensory,scents/extracts,basil oil,Always use sparingly,
7419,Guyanan Tamandua,Tamandua tetradactyla tetradactyla,Sensory,scents/extracts,citrus speariment oil,Always use sparingly,
7419,Guyanan Tamandua,Tamandua tetradactyla tetradactyla,Sensory,scents/extracts,hand lotions,Always use sparingly,
7419,Guyanan Tamandua,Tamandua tetradactyla tetradactyla,Sensory,scents/extracts,shampoos,Always use sparingly,
7419,Guyanan Tamandua,Tamandua tetradactyla tetradactyla,Sensory,scents/extracts,conditioner,Always use sparingly,
7419,Guyanan Tamandua,Tamandua tetradactyla tetradactyla,Sensory,scents/extracts,body oil,Always use sparingly,
7419,Guyanan Tamandua,Tamandua tetradactyla tetradactyla,Sensory,Fur/Hair,Camel Hair,"if ingested, stop/call vets",
7419,Guyanan Tamandua,Tamandua tetradactyla tetradactyla,Foraging ,Foods,bouillon cubes,,
7419,Guyanan Tamandua,Tamandua tetradactyla tetradactyla,Foraging ,Foods,jello,,
7419,Guyanan Tamandua,Tamandua tetradactyla tetradactyla,Foraging ,Foods,crystal light,,
7419,Guyanan Tamandua,Tamandua tetradactyla tetradactyla,Foraging ,Foods,honey,As Per Diet Sheet,
7419,Guyanan Tamandua,Tamandua tetradactyla tetradactyla,Foraging ,Foarge Subs.,logs,,
7419,Guyanan Tamandua,Tamandua tetradactyla tetradactyla,Foraging ,Foarge Subs.,mulch,,
7419,Guyanan Tamandua,Tamandua tetradactyla tetradactyla,Foraging ,Foarge Subs.,dirt,,
7419,Guyanan Tamandua,Tamandua tetradactyla tetradactyla,Foraging ,Foarge Subs.,sod,,
7419,Guyanan Tamandua,Tamandua tetradactyla tetradactyla,Foraging ,Foarge Subs.,rotten logs,,
7419,Guyanan Tamandua,Tamandua tetradactyla tetradactyla,Foraging ,Foarge Subs.,bermuda hay,,
7419,Guyanan Tamandua,Tamandua tetradactyla tetradactyla,Foraging ,Foarge Subs.,dried leaves,,
7419,Guyanan Tamandua,Tamandua tetradactyla tetradactyla,Manipulanda,Natural,termite mound,,
7419,Guyanan Tamandua,Tamandua tetradactyla tetradactyla,Manipulanda,Natural,ice block,,
7419,Guyanan Tamandua,Tamandua tetradactyla tetradactyla,Manipulanda,Manufactured,sono-tube (cardboard),,
7419,Guyanan Tamandua,Tamandua tetradactyla tetradactyla,Manipulanda,Manufactured,basket,,
7419,Guyanan Tamandua,Tamandua tetradactyla tetradactyla,Manipulanda,Manufactured,cardboard boxes,,
7419,Guyanan Tamandua,Tamandua tetradactyla tetradactyla,Manipulanda,Manufactured,mirror,,
7419,Guyanan Tamandua,Tamandua tetradactyla tetradactyla,Manipulanda,Manufactured,bags,,
7419,Guyanan Tamandua,Tamandua tetradactyla tetradactyla,Manipulanda,Manufactured,boomer ball,,
7419,Guyanan Tamandua,Tamandua tetradactyla tetradactyla,Social/Behavioral,Behavioral,Animal Presentations,If suitable and approved,
7419,Guyanan Tamandua,Tamandua tetradactyla tetradactyla,Social/Behavioral,Behavioral,PO.R. Training,Following Training plan,
7419,Guyanan Tamandua,Tamandua tetradactyla tetradactyla,Social/Behavioral,Social,Social Housing,If compatable,
7419,Guyanan Tamandua,Tamandua tetradactyla tetradactyla,Structure/Substrate,Exhibit Mod.,New Perching/Climbing,Must have supervisor approval,
7419,Guyanan Tamandua,Tamandua tetradactyla tetradactyla,Structure/Substrate,Exhibit Mod.,Water Feature,Must have supervisor approval,
7419,Guyanan Tamandua,Tamandua tetradactyla tetradactyla,Structure/Substrate,Exhibit Mod.,New Substrate,Must have supervisor approval,
7419,Guyanan Tamandua,Tamandua tetradactyla tetradactyla,Structure/Substrate,Exhibit Mod.,New Plants,Must have supervisor approval,
7419,Guyanan Tamandua,Tamandua tetradactyla tetradactyla,Structure/Substrate,Exhibit Mod.,New Shelter,Must have supervisor approval,
268,Colombian Brown Spider Monkey,Ateles hybridus,Sensory,Spices,curry,Always use sparingly,Rubed on furnature or hidden in enclosure or other manipulanda
268,Colombian Brown Spider Monkey,Ateles hybridus,Sensory,Spices,thyme,Always use sparingly,Rubed on furnature or hidden in enclosure or other manipulanda
268,Colombian Brown Spider Monkey,Ateles hybridus,Sensory,Spices,all spice,Always use sparingly,Rubed on furnature or hidden in enclosure or other manipulanda
268,Colombian Brown Spider Monkey,Ateles hybridus,Sensory,Spices,dill,Always use sparingly,Rubed on furnature or hidden in enclosure or other manipulanda
268,Colombian Brown Spider Monkey,Ateles hybridus,Sensory,Spices,celery seed,Always use sparingly,Rubed on furnature or hidden in enclosure or other manipulanda
268,Colombian Brown Spider Monkey,Ateles hybridus,Sensory,Spices,old bay seasoning,Always use sparingly,Rubed on furnature or hidden in enclosure or other manipulanda
268,Colombian Brown Spider Monkey,Ateles hybridus,Sensory,Spices,bay leaves,Always use sparingly,Rubed on furnature or hidden in enclosure or other manipulanda
268,Colombian Brown Spider Monkey,Ateles hybridus,Sensory,Spices,whole black pepper,Always use sparingly,Rubed on furnature or hidden in enclosure or other manipulanda
268,Colombian Brown Spider Monkey,Ateles hybridus,Sensory,Spices,parsley,Always use sparingly,Rubed on furnature or hidden in enclosure or other manipulanda
268,Colombian Brown Spider Monkey,Ateles hybridus,Sensory,Spices,mustard seed,Always use sparingly,Rubed on furnature or hidden in enclosure or other manipulanda
268,Colombian Brown Spider Monkey,Ateles hybridus,Sensory,Spices,oregano,Always use sparingly,Rubed on furnature or hidden in enclosure or other manipulanda
268,Colombian Brown Spider Monkey,Ateles hybridus,Sensory,Spices,all seasoning,Always use sparingly,Rubed on furnature or hidden in enclosure or other manipulanda
268,Colombian Brown Spider Monkey,Ateles hybridus,Sensory,Spices,lavender,Always use sparingly,Rubed on furnature or hidden in enclosure or other manipulanda
268,Colombian Brown Spider Monkey,Ateles hybridus,Sensory,Spices,cumin,Always use sparingly,Rubed on furnature or hidden in enclosure or other manipulanda
268,Colombian Brown Spider Monkey,Ateles hybridus,Sensory,Spices,coriander,Always use sparingly,Rubed on furnature or hidden in enclosure or other manipulanda
268,Colombian Brown Spider Monkey,Ateles hybridus,Sensory,Spices,orange peel,Always use sparingly,Rubed on furnature or hidden in enclosure or other manipulanda
268,Colombian Brown Spider Monkey,Ateles hybridus,Sensory,Spices,red pepper,Always use sparingly,Rubed on furnature or hidden in enclosure or other manipulanda
268,Colombian Brown Spider Monkey,Ateles hybridus,Sensory,Spices,fennel,Always use sparingly,Rubed on furnature or hidden in enclosure or other manipulanda
268,Colombian Brown Spider Monkey,Ateles hybridus,Sensory,Spices,cinnamon sticks,Always use sparingly,Rubed on furnature or hidden in enclosure or other manipulanda
268,Colombian Brown Spider Monkey,Ateles hybridus,Sensory,scents/extracts,chinchilla dusted scented,Always use sparingly,Rubed on furnature or hidden in enclosure or other manipulanda
268,Colombian Brown Spider Monkey,Ateles hybridus,Sensory,scents/extracts,almond oil,Always use sparingly,Rubed on furnature or hidden in enclosure or other manipulanda
268,Colombian Brown Spider Monkey,Ateles hybridus,Sensory,scents/extracts,banana oil,Always use sparingly,Rubed on furnature or hidden in enclosure or other manipulanda
268,Colombian Brown Spider Monkey,Ateles hybridus,Sensory,scents/extracts,sage oil,Always use sparingly,Rubed on furnature or hidden in enclosure or other manipulanda
268,Colombian Brown Spider Monkey,Ateles hybridus,Sensory,scents/extracts,red apple mint oil,Always use sparingly,Rubed on furnature or hidden in enclosure or other manipulanda
268,Colombian Brown Spider Monkey,Ateles hybridus,Sensory,scents/extracts,candy cane oil,Always use sparingly,Rubed on furnature or hidden in enclosure or other manipulanda
268,Colombian Brown Spider Monkey,Ateles hybridus,Sensory,scents/extracts,gardenia oil,Always use sparingly,Rubed on furnature or hidden in enclosure or other manipulanda
268,Colombian Brown Spider Monkey,Ateles hybridus,Sensory,scents/extracts,rose mary oil,Always use sparingly,Rubed on furnature or hidden in enclosure or other manipulanda
268,Colombian Brown Spider Monkey,Ateles hybridus,Sensory,scents/extracts,chocolate mint oil,Always use sparingly,Rubed on furnature or hidden in enclosure or other manipulanda
268,Colombian Brown Spider Monkey,Ateles hybridus,Sensory,scents/extracts,chocolate oil,Always use sparingly,Rubed on furnature or hidden in enclosure or other manipulanda
268,Colombian Brown Spider Monkey,Ateles hybridus,Sensory,scents/extracts,rose oil,Always use sparingly,Rubed on furnature or hidden in enclosure or other manipulanda
268,Colombian Brown Spider Monkey,Ateles hybridus,Sensory,scents/extracts,nutmeg geranium oil,Always use sparingly,Rubed on furnature or hidden in enclosure or other manipulanda
268,Colombian Brown Spider Monkey,Ateles hybridus,Sensory,scents/extracts,basil oil,Always use sparingly,Rubed on furnature or hidden in enclosure or other manipulanda
268,Colombian Brown Spider Monkey,Ateles hybridus,Sensory,scents/extracts,citru spearmint oil,Always use sparingly,Rubed on furnature or hidden in enclosure or other manipulanda
268,Colombian Brown Spider Monkey,Ateles hybridus,Sensory,scents/extracts,hand lotions,Always use sparingly,Rubed on furnature or hidden in enclosure or other manipulanda
268,Colombian Brown Spider Monkey,Ateles hybridus,Sensory,scents/extracts,shampoos,Always use sparingly,Rubed on furnature or hidden in enclosure or other manipulanda
268,Colombian Brown Spider Monkey,Ateles hybridus,Sensory,scents/extracts,conditioner,Always use sparingly,Rubed on furnature or hidden in enclosure or other manipulanda
268,Colombian Brown Spider Monkey,Ateles hybridus,Sensory,scents/extracts,body oil,Always use sparingly,Rubed on furnature or hidden in enclosure or other manipulanda
268,Colombian Brown Spider Monkey,Ateles hybridus,Sensory,scents/extracts,perfume,Always use sparingly,Rubed on furnature or hidden in enclosure or other manipulanda
268,Colombian Brown Spider Monkey,Ateles hybridus,Sensory,Fur/Hair,snake skin,gas sterilze first,
268,Colombian Brown Spider Monkey,Ateles hybridus,Manipulanda,Natural,bamboo,,
268,Colombian Brown Spider Monkey,Ateles hybridus,Manipulanda,Manufactured,basket,,
268,Colombian Brown Spider Monkey,Ateles hybridus,Manipulanda,Manufactured,cardboard boxes,,
268,Colombian Brown Spider Monkey,Ateles hybridus,Manipulanda,Manufactured,Aussie dog toys,,
268,Colombian Brown Spider Monkey,Ateles hybridus,Manipulanda,Manufactured,paper bags,,
268,Colombian Brown Spider Monkey,Ateles hybridus,Manipulanda,Manufactured,pinata,,
268,Colombian Brown Spider Monkey,Ateles hybridus,Manipulanda,Manufactured,sono tube (cardboard),,
268,Colombian Brown Spider Monkey,Ateles hybridus,Manipulanda,Manufactured,mirror,,
268,Colombian Brown Spider Monkey,Ateles hybridus,Manipulanda,Manufactured,boomer ball,,
268,Colombian Brown Spider Monkey,Ateles hybridus,Manipulanda,Manufactured,cardboard tubes,,
268,Colombian Brown Spider Monkey,Ateles hybridus,Manipulanda,Manufactured,bubbles,,
268,Colombian Brown Spider Monkey,Ateles hybridus,Manipulanda,Manufactured,burlap bags,,
268,Colombian Brown Spider Monkey,Ateles hybridus,Manipulanda,Manufactured,fabric hangers,,
268,Colombian Brown Spider Monkey,Ateles hybridus,Manipulanda,Manufactured,puzzle feeder ,,
268,Colombian Brown Spider Monkey,Ateles hybridus,Manipulanda,Manufactured,PVC feeder,,
268,Colombian Brown Spider Monkey,Ateles hybridus,Manipulanda,Manufactured,canvas/ rope hammock,,
268,Colombian Brown Spider Monkey,Ateles hybridus,Manipulanda,Manufactured,tire swings,,
268,Colombian Brown Spider Monkey,Ateles hybridus,Manipulanda,Manufactured,wood platforms,,
268,Colombian Brown Spider Monkey,Ateles hybridus,Manipulanda,Manufactured,plastic logs,,
268,Colombian Brown Spider Monkey,Ateles hybridus,Foraging ,Forage Sub.,bermuda hay,,
268,Colombian Brown Spider Monkey,Ateles hybridus,Foraging ,Forage Sub.,mulch,,
268,Colombian Brown Spider Monkey,Ateles hybridus,Foraging ,Forage Sub.,dirt,,
268,Colombian Brown Spider Monkey,Ateles hybridus,Foraging ,Forage Sub.,ice blocks,,
268,Colombian Brown Spider Monkey,Ateles hybridus,Foraging ,Forage Sub.,sod,,
268,Colombian Brown Spider Monkey,Ateles hybridus,Foraging ,Forage Sub.,dried leaves,,
268,Colombian Brown Spider Monkey,Ateles hybridus,Foraging ,Forage Sub.,fire hose,,
268,Colombian Brown Spider Monkey,Ateles hybridus,Social/Behavioral,Behavioral,PO.R. Training,Following Training plan,
268,Colombian Brown Spider Monkey,Ateles hybridus,Social/Behavioral,Behavioral,TV-Radio,,
268,Colombian Brown Spider Monkey,Ateles hybridus,Social/Behavioral,Social,Social Housing,If compatable,
268,Colombian Brown Spider Monkey,Ateles hybridus,Structure/Substrate,Exhibit Mod.,New Perching/Climbing,Must have supervisor approval,
268,Colombian Brown Spider Monkey,Ateles hybridus,Structure/Substrate,Exhibit Mod.,Water Feature,Must have supervisor approval,
268,Colombian Brown Spider Monkey,Ateles hybridus,Structure/Substrate,Exhibit Mod.,New Substrate,Must have supervisor approval,
268,Colombian Brown Spider Monkey,Ateles hybridus,Structure/Substrate,Exhibit Mod.,pool,Must have supervisor approval,
268,Colombian Brown Spider Monkey,Ateles hybridus,Structure/Substrate,Exhibit Mod.,New Plants,Must have supervisor approval,
268,Colombian Brown Spider Monkey,Ateles hybridus,Structure/Substrate,Exhibit Mod.,New Shelter,Must have supervisor approval,
8263,Southern African Hedgehog,Atelerix frontalis frontalis,Sensory,Spices,curry,Always use sparingly,Rubed on furnature or hidden in enclosure or other manipulanda
8263,Southern African Hedgehog,Atelerix frontalis frontalis,Sensory,Spices,thyme,Always use sparingly,Rubed on furnature or hidden in enclosure or other manipulanda
8263,Southern African Hedgehog,Atelerix frontalis frontalis,Sensory,Spices,all spice,Always use sparingly,Rubed on furnature or hidden in enclosure or other manipulanda
8263,Southern African Hedgehog,Atelerix frontalis frontalis,Sensory,Spices,dill,Always use sparingly,Rubed on furnature or hidden in enclosure or other manipulanda
8263,Southern African Hedgehog,Atelerix frontalis frontalis,Sensory,Spices,celery seed,Always use sparingly,Rubed on furnature or hidden in enclosure or other manipulanda
8263,Southern African Hedgehog,Atelerix frontalis frontalis,Sensory,Spices,old bay seasoning,Always use sparingly,Rubed on furnature or hidden in enclosure or other manipulanda
8263,Southern African Hedgehog,Atelerix frontalis frontalis,Sensory,Spices,bay leaves,Always use sparingly,Rubed on furnature or hidden in enclosure or other manipulanda
8263,Southern African Hedgehog,Atelerix frontalis frontalis,Sensory,Spices,whole black peppercorn,Always use sparingly,Rubed on furnature or hidden in enclosure or other manipulanda
8263,Southern African Hedgehog,Atelerix frontalis frontalis,Sensory,Spices,parsley,Always use sparingly,Rubed on furnature or hidden in enclosure or other manipulanda
8263,Southern African Hedgehog,Atelerix frontalis frontalis,Sensory,Spices,mustard seed,Always use sparingly,Rubed on furnature or hidden in enclosure or other manipulanda
8263,Southern African Hedgehog,Atelerix frontalis frontalis,Sensory,Spices,oregano,Always use sparingly,Rubed on furnature or hidden in enclosure or other manipulanda
8263,Southern African Hedgehog,Atelerix frontalis frontalis,Sensory,Spices,all seasoning,Always use sparingly,Rubed on furnature or hidden in enclosure or other manipulanda
8263,Southern African Hedgehog,Atelerix frontalis frontalis,Sensory,Spices,lavender,Always use sparingly,Rubed on furnature or hidden in enclosure or other manipulanda
8263,Southern African Hedgehog,Atelerix frontalis frontalis,Sensory,Spices,cumin,Always use sparingly,Rubed on furnature or hidden in enclosure or other manipulanda
8263,Southern African Hedgehog,Atelerix frontalis frontalis,Sensory,Spices,coriander,Always use sparingly,Rubed on furnature or hidden in enclosure or other manipulanda
8263,Southern African Hedgehog,Atelerix frontalis frontalis,Sensory,Spices,orange peel,Always use sparingly,Rubed on furnature or hidden in enclosure or other manipulanda
8263,Southern African Hedgehog,Atelerix frontalis frontalis,Sensory,Spices,red pepper,Always use sparingly,Rubed on furnature or hidden in enclosure or other manipulanda
8263,Southern African Hedgehog,Atelerix frontalis frontalis,Sensory,Spices,fennel,Always use sparingly,Rubed on furnature or hidden in enclosure or other manipulanda
8263,Southern African Hedgehog,Atelerix frontalis frontalis,Sensory,Spices,cinnamon sticks,Always use sparingly,Rubed on furnature or hidden in enclosure or other manipulanda
8263,Southern African Hedgehog,Atelerix frontalis frontalis,Sensory,scents/extracts,almond oil,Always use sparingly,Rubed on furnature or hidden in enclosure or other manipulanda
8263,Southern African Hedgehog,Atelerix frontalis frontalis,Sensory,scents/extracts,banana oil,Always use sparingly,Rubed on furnature or hidden in enclosure or other manipulanda
8263,Southern African Hedgehog,Atelerix frontalis frontalis,Sensory,scents/extracts,sage oil,Always use sparingly,Rubed on furnature or hidden in enclosure or other manipulanda
8263,Southern African Hedgehog,Atelerix frontalis frontalis,Sensory,scents/extracts,red apple mint oil,Always use sparingly,Rubed on furnature or hidden in enclosure or other manipulanda
8263,Southern African Hedgehog,Atelerix frontalis frontalis,Sensory,scents/extracts,candy cane oil,Always use sparingly,Rubed on furnature or hidden in enclosure or other manipulanda
8263,Southern African Hedgehog,Atelerix frontalis frontalis,Sensory,scents/extracts,gardenia oil,Always use sparingly,Rubed on furnature or hidden in enclosure or other manipulanda
8263,Southern African Hedgehog,Atelerix frontalis frontalis,Sensory,scents/extracts,rose mary oil,Always use sparingly,Rubed on furnature or hidden in enclosure or other manipulanda
8263,Southern African Hedgehog,Atelerix frontalis frontalis,Sensory,scents/extracts,chocolate mint oil,Always use sparingly,Rubed on furnature or hidden in enclosure or other manipulanda
8263,Southern African Hedgehog,Atelerix frontalis frontalis,Sensory,scents/extracts,chocolate oil,Always use sparingly,Rubed on furnature or hidden in enclosure or other manipulanda
8263,Southern African Hedgehog,Atelerix frontalis frontalis,Sensory,scents/extracts,rose oil,Always use sparingly,Rubed on furnature or hidden in enclosure or other manipulanda
8263,Southern African Hedgehog,Atelerix frontalis frontalis,Sensory,scents/extracts,nutmeg geranium oil,Always use sparingly,Rubed on furnature or hidden in enclosure or other manipulanda
8263,Southern African Hedgehog,Atelerix frontalis frontalis,Sensory,scents/extracts,basil oil,Always use sparingly,Rubed on furnature or hidden in enclosure or other manipulanda
8263,Southern African Hedgehog,Atelerix frontalis frontalis,Sensory,scents/extracts,citru spearmint oil,Always use sparingly,Rubed on furnature or hidden in enclosure or other manipulanda
8263,Southern African Hedgehog,Atelerix frontalis frontalis,Sensory,scents/extracts,hand lotions,Always use sparingly,Rubed on furnature or hidden in enclosure or other manipulanda
8263,Southern African Hedgehog,Atelerix frontalis frontalis,Sensory,scents/extracts,shampoos,Always use sparingly,Rubed on furnature or hidden in enclosure or other manipulanda
8263,Southern African Hedgehog,Atelerix frontalis frontalis,Sensory,scents/extracts,conditioner,Always use sparingly,Rubed on furnature or hidden in enclosure or other manipulanda
8263,Southern African Hedgehog,Atelerix frontalis frontalis,Sensory,scents/extracts,body oil,Always use sparingly,Rubed on furnature or hidden in enclosure or other manipulanda
8263,Southern African Hedgehog,Atelerix frontalis frontalis,Sensory,scents/extracts,ground coffee,fresh not used,
8263,Southern African Hedgehog,Atelerix frontalis frontalis,Sensory,Fur/Hair,snake skin,gas sterilze first,
8263,Southern African Hedgehog,Atelerix frontalis frontalis,Foraging ,Foods,Garlic,Nutrition to set amount,
8263,Southern African Hedgehog,Atelerix frontalis frontalis,Foraging ,Foods,Earthworms,Nutrition to set amount,
8263,Southern African Hedgehog,Atelerix frontalis frontalis,Foraging ,Foarge Subs.,mulch,,
8263,Southern African Hedgehog,Atelerix frontalis frontalis,Foraging ,Foarge Subs.,dirt,,
8263,Southern African Hedgehog,Atelerix frontalis frontalis,Foraging ,Foarge Subs.,sod,,
8263,Southern African Hedgehog,Atelerix frontalis frontalis,Foraging ,Foarge Subs.,dried leaves,,
8263,Southern African Hedgehog,Atelerix frontalis frontalis,Foraging ,Foarge Subs.,bermuda hay,,
8263,Southern African Hedgehog,Atelerix frontalis frontalis,Foraging ,Foarge Subs.,browse,Non Eucaliptus only,
8263,Southern African Hedgehog,Atelerix frontalis frontalis,Manipulanda,Natural,Palm,"stop usage if ingested, consult vet",
8263,Southern African Hedgehog,Atelerix frontalis frontalis,Manipulanda,Natural,logs,,
8263,Southern African Hedgehog,Atelerix frontalis frontalis,Manipulanda,Natural,ice blocks,,
8263,Southern African Hedgehog,Atelerix frontalis frontalis,Manipulanda,Manufactured,newspaper,,
8263,Southern African Hedgehog,Atelerix frontalis frontalis,Manipulanda,Manufactured,baskets,,
8263,Southern African Hedgehog,Atelerix frontalis frontalis,Manipulanda,Manufactured,sono tube (cardboard),,
8263,Southern African Hedgehog,Atelerix frontalis frontalis,Manipulanda,Manufactured,plastic  logs,,
8263,Southern African Hedgehog,Atelerix frontalis frontalis,Manipulanda,Manufactured,grass nets,,
8263,Southern African Hedgehog,Atelerix frontalis frontalis,Manipulanda,Manufactured,cardboard boxes,,
8263,Southern African Hedgehog,Atelerix frontalis frontalis,Manipulanda,Manufactured,paper bags,,
8263,Southern African Hedgehog,Atelerix frontalis frontalis,Manipulanda,Manufactured,pinata,,
8263,Southern African Hedgehog,Atelerix frontalis frontalis,Manipulanda,Manufactured,bubbles,,
8263,Southern African Hedgehog,Atelerix frontalis frontalis,Manipulanda,Manufactured,cardboard tubes,,
8263,Southern African Hedgehog,Atelerix frontalis frontalis,Manipulanda,Manufactured,excersize wheel,,
8263,Southern African Hedgehog,Atelerix frontalis frontalis,Manipulanda,Manufactured,mirror,,
8263,Southern African Hedgehog,Atelerix frontalis frontalis,Manipulanda,Manufactured,twig balls,,
8263,Southern African Hedgehog,Atelerix frontalis frontalis,Social/Behavioral,Behavioral,Animal Presentations,If suitable and approved,
8263,Southern African Hedgehog,Atelerix frontalis frontalis,Social/Behavioral,Behavioral,PO.R. Training,Following Training plan,
8263,Southern African Hedgehog,Atelerix frontalis frontalis,Social/Behavioral,Social,Social Housing,If compatable,
8263,Southern African Hedgehog,Atelerix frontalis frontalis,Structure/Substrate,Exhibit Mod.,New Perching/Climbing,Must have supervisor approval,
8263,Southern African Hedgehog,Atelerix frontalis frontalis,Structure/Substrate,Exhibit Mod.,Water Feature,Must have supervisor approval,
8263,Southern African Hedgehog,Atelerix frontalis frontalis,Structure/Substrate,Exhibit Mod.,New Substrate,Must have supervisor approval,
8263,Southern African Hedgehog,Atelerix frontalis frontalis,Structure/Substrate,Exhibit Mod.,New Plants,Must have supervisor approval,
8263,Southern African Hedgehog,Atelerix frontalis frontalis,Structure/Substrate,Exhibit Mod.,New Shelter,Must have supervisor approval,
1382,White-bellied Tree Pangolin,Manis tricuspis,,,,,
7634,Ocelot,Leopardus pardalis (subspecies unknown),Sensory,Spices,oregano,Always use sparingly,Rubed on furnature or hidden in enclosure or other manipulanda
7634,Ocelot,Leopardus pardalis (subspecies unknown),Sensory,Spices,all seasoning,Always use sparingly,Rubed on furnature or hidden in enclosure or other manipulanda
7634,Ocelot,Leopardus pardalis (subspecies unknown),Sensory,Spices,curry,Always use sparingly,Rubed on furnature or hidden in enclosure or other manipulanda
7634,Ocelot,Leopardus pardalis (subspecies unknown),Sensory,Spices,thyme,Always use sparingly,Rubed on furnature or hidden in enclosure or other manipulanda
7634,Ocelot,Leopardus pardalis (subspecies unknown),Sensory,Spices,all spice,Always use sparingly,Rubed on furnature or hidden in enclosure or other manipulanda
7634,Ocelot,Leopardus pardalis (subspecies unknown),Sensory,Spices,dill,Always use sparingly,Rubed on furnature or hidden in enclosure or other manipulanda
7634,Ocelot,Leopardus pardalis (subspecies unknown),Sensory,Spices,celery seed,Always use sparingly,Rubed on furnature or hidden in enclosure or other manipulanda
7634,Ocelot,Leopardus pardalis (subspecies unknown),Sensory,Spices,old bay seasoning,Always use sparingly,Rubed on furnature or hidden in enclosure or other manipulanda
7634,Ocelot,Leopardus pardalis (subspecies unknown),Sensory,Spices,bay leaves,Always use sparingly,Rubed on furnature or hidden in enclosure or other manipulanda
7634,Ocelot,Leopardus pardalis (subspecies unknown),Sensory,Spices,whole black peppercorn,Always use sparingly,Rubed on furnature or hidden in enclosure or other manipulanda
7634,Ocelot,Leopardus pardalis (subspecies unknown),Sensory,Spices,parsley,Always use sparingly,Rubed on furnature or hidden in enclosure or other manipulanda
7634,Ocelot,Leopardus pardalis (subspecies unknown),Sensory,Spices,mustard seed,Always use sparingly,Rubed on furnature or hidden in enclosure or other manipulanda
7634,Ocelot,Leopardus pardalis (subspecies unknown),Sensory,Spices,lavender,Always use sparingly,Rubed on furnature or hidden in enclosure or other manipulanda
7634,Ocelot,Leopardus pardalis (subspecies unknown),Sensory,Spices,cumin,Always use sparingly,Rubed on furnature or hidden in enclosure or other manipulanda
7634,Ocelot,Leopardus pardalis (subspecies unknown),Sensory,Spices,coriander,Always use sparingly,Rubed on furnature or hidden in enclosure or other manipulanda
7634,Ocelot,Leopardus pardalis (subspecies unknown),Sensory,Spices,orange peel,Always use sparingly,Rubed on furnature or hidden in enclosure or other manipulanda
7634,Ocelot,Leopardus pardalis (subspecies unknown),Sensory,Spices,red pepper,Always use sparingly,Rubed on furnature or hidden in enclosure or other manipulanda
7634,Ocelot,Leopardus pardalis (subspecies unknown),Sensory,Spices,fennel,Always use sparingly,Rubed on furnature or hidden in enclosure or other manipulanda
7634,Ocelot,Leopardus pardalis (subspecies unknown),Sensory,Spices,cinnamon sticks,Always use sparingly,Rubed on furnature or hidden in enclosure or other manipulanda
7634,Ocelot,Leopardus pardalis (subspecies unknown),Sensory,scents/extracts,perfume,Always use sparingly,Rubed on furnature or hidden in enclosure or other manipulanda
7634,Ocelot,Leopardus pardalis (subspecies unknown),Sensory,scents/extracts,almond oil,Always use sparingly,Rubed on furnature or hidden in enclosure or other manipulanda
7634,Ocelot,Leopardus pardalis (subspecies unknown),Sensory,scents/extracts,banana oil,Always use sparingly,Rubed on furnature or hidden in enclosure or other manipulanda
7634,Ocelot,Leopardus pardalis (subspecies unknown),Sensory,scents/extracts,sage oil,Always use sparingly,Rubed on furnature or hidden in enclosure or other manipulanda
7634,Ocelot,Leopardus pardalis (subspecies unknown),Sensory,scents/extracts,red apple mint oil,Always use sparingly,Rubed on furnature or hidden in enclosure or other manipulanda
7634,Ocelot,Leopardus pardalis (subspecies unknown),Sensory,scents/extracts,candy cane oil,Always use sparingly,Rubed on furnature or hidden in enclosure or other manipulanda
7634,Ocelot,Leopardus pardalis (subspecies unknown),Sensory,scents/extracts,gardenia oil,Always use sparingly,Rubed on furnature or hidden in enclosure or other manipulanda
7634,Ocelot,Leopardus pardalis (subspecies unknown),Sensory,scents/extracts,rose mary oil,Always use sparingly,Rubed on furnature or hidden in enclosure or other manipulanda
7634,Ocelot,Leopardus pardalis (subspecies unknown),Sensory,scents/extracts,chocolate mint oil,Always use sparingly,Rubed on furnature or hidden in enclosure or other manipulanda
7634,Ocelot,Leopardus pardalis (subspecies unknown),Sensory,scents/extracts,chocolate oil,Always use sparingly,Rubed on furnature or hidden in enclosure or other manipulanda
7634,Ocelot,Leopardus pardalis (subspecies unknown),Sensory,scents/extracts,rose oil,Always use sparingly,Rubed on furnature or hidden in enclosure or other manipulanda
7634,Ocelot,Leopardus pardalis (subspecies unknown),Sensory,scents/extracts,nutmeg geranium oil,Always use sparingly,Rubed on furnature or hidden in enclosure or other manipulanda
7634,Ocelot,Leopardus pardalis (subspecies unknown),Sensory,scents/extracts,basil oil,Always use sparingly,Rubed on furnature or hidden in enclosure or other manipulanda
7634,Ocelot,Leopardus pardalis (subspecies unknown),Sensory,scents/extracts,citrus speariment oil,Always use sparingly,Rubed on furnature or hidden in enclosure or other manipulanda
7634,Ocelot,Leopardus pardalis (subspecies unknown),Sensory,scents/extracts,hand lotions,Always use sparingly,Rubed on furnature or hidden in enclosure or other manipulanda
7634,Ocelot,Leopardus pardalis (subspecies unknown),Sensory,scents/extracts,shampoos,Always use sparingly,Rubed on furnature or hidden in enclosure or other manipulanda
7634,Ocelot,Leopardus pardalis (subspecies unknown),Sensory,scents/extracts,conditioner,Always use sparingly,Rubed on furnature or hidden in enclosure or other manipulanda
7634,Ocelot,Leopardus pardalis (subspecies unknown),Sensory,scents/extracts,body oil,Always use sparingly,Rubed on furnature or hidden in enclosure or other manipulanda
7634,Ocelot,Leopardus pardalis (subspecies unknown),Sensory,scents/extracts,ground coffee,"fresh, not used",
7634,Ocelot,Leopardus pardalis (subspecies unknown),Sensory,scents/extracts,chinchilla dust - scented,"fresh, not used",
7634,Ocelot,Leopardus pardalis (subspecies unknown),Sensory,Fur/Hair,goat hair & urine,in small amounts,"if ingested in lge amts, stop/call vet"
7634,Ocelot,Leopardus pardalis (subspecies unknown),Sensory,Fur/Hair,horse urine,in small amounts,"if ingested in lge amts, stop/call vet"
7634,Ocelot,Leopardus pardalis (subspecies unknown),Sensory,Fur/Hair,snake skin,gas sterilze first,
7634,Ocelot,Leopardus pardalis (subspecies unknown),Foraging ,Foods,bone,As Per Diet Sheet,
7634,Ocelot,Leopardus pardalis (subspecies unknown),Foraging ,Foods,crawfish,As Per Diet Sheet,
7634,Ocelot,Leopardus pardalis (subspecies unknown),Foraging ,Foods,food scatter,As Per Diet Sheet,
7634,Ocelot,Leopardus pardalis (subspecies unknown),Foraging ,Foods,crickets,As Per Diet Sheet,
7634,Ocelot,Leopardus pardalis (subspecies unknown),Foraging ,Foods,kitty grass,www.kittygrass.com,use judgement; don't fill stomach
7634,Ocelot,Leopardus pardalis (subspecies unknown),Foraging ,Foods,trout,As Per Diet Sheet,
7634,Ocelot,Leopardus pardalis (subspecies unknown),Foraging ,Foods,earthworms,As Per Diet Sheet,
7634,Ocelot,Leopardus pardalis (subspecies unknown),Foraging ,Foarge Subs.,mulch,,
7634,Ocelot,Leopardus pardalis (subspecies unknown),Foraging ,Foarge Subs.,dirt,,
7634,Ocelot,Leopardus pardalis (subspecies unknown),Foraging ,Foarge Subs.,dried leaves,,
7634,Ocelot,Leopardus pardalis (subspecies unknown),Foraging ,Foarge Subs.,sod,,
7634,Ocelot,Leopardus pardalis (subspecies unknown),Foraging ,Foarge Subs.,tall edible grass,,
7634,Ocelot,Leopardus pardalis (subspecies unknown),Manipulanda,Natural,ice blocks,,
7634,Ocelot,Leopardus pardalis (subspecies unknown),Manipulanda,Natural,palm fronds,Watch for consumption,
7634,Ocelot,Leopardus pardalis (subspecies unknown),Manipulanda,Manufactured,tissue paper,Watch for consumption,
7634,Ocelot,Leopardus pardalis (subspecies unknown),Manipulanda,Manufactured,cardboard boxes,,
7634,Ocelot,Leopardus pardalis (subspecies unknown),Manipulanda,Manufactured,hard balls,,
7634,Ocelot,Leopardus pardalis (subspecies unknown),Manipulanda,Manufactured,kongs,,
7634,Ocelot,Leopardus pardalis (subspecies unknown),Manipulanda,Manufactured,pinatas,,
7634,Ocelot,Leopardus pardalis (subspecies unknown),Manipulanda,Manufactured,basket,,
7634,Ocelot,Leopardus pardalis (subspecies unknown),Manipulanda,Manufactured,paper bags,,
7634,Ocelot,Leopardus pardalis (subspecies unknown),Manipulanda,Manufactured,cardboard tubes,,
7634,Ocelot,Leopardus pardalis (subspecies unknown),Manipulanda,Manufactured,cardboard tunnel,,
7634,Ocelot,Leopardus pardalis (subspecies unknown),Manipulanda,Manufactured,mirror,Non-Glass type,
7634,Ocelot,Leopardus pardalis (subspecies unknown),Manipulanda,Manufactured,large planting pots,,
7634,Ocelot,Leopardus pardalis (subspecies unknown),Manipulanda,Manufactured,milk crate,,
7634,Ocelot,Leopardus pardalis (subspecies unknown),Social/Behavioral,Behavioral,Animal Presentations,If suitable and approved,
7634,Ocelot,Leopardus pardalis (subspecies unknown),Social/Behavioral,Behavioral,PO.R. Training,Following Training plan,
7634,Ocelot,Leopardus pardalis (subspecies unknown),Social/Behavioral,Social,Social Housing,If compatable,
7634,Ocelot,Leopardus pardalis (subspecies unknown),Structure/Substrate,Exhibit Mod.,New Perching/Climbing,Must have supervisor approval,
7634,Ocelot,Leopardus pardalis (subspecies unknown),Structure/Substrate,Exhibit Mod.,Water Feature,Must have supervisor approval,
7634,Ocelot,Leopardus pardalis (subspecies unknown),Structure/Substrate,Exhibit Mod.,New Substrate,Must have supervisor approval,
7634,Ocelot,Leopardus pardalis (subspecies unknown),Structure/Substrate,Exhibit Mod.,New Plants,Must have supervisor approval,
7634,Ocelot,Leopardus pardalis (subspecies unknown),Structure/Substrate,Exhibit Mod.,New Shelter,Must have supervisor approval,
7634,Ocelot,Leopardus pardalis (subspecies unknown),Structure/Substrate,Exhibit Mod.,pool with water,Must have supervisor approval,
7634,Ocelot,Leopardus pardalis (subspecies unknown),Structure/Substrate,Exhibit Mod.,sisal mats,Remove if frayed,
7634,Ocelot,Leopardus pardalis (subspecies unknown),Structure/Substrate,Exhibit Mod.,firehose hammock,Remove if frayed,
608,Kenya Serval,Leptailurus serval hindei,Sensory,Spices,curry,Always use sparingly,Rubed on furnature or hidden in enclosure or other manipulanda
608,Kenya Serval,Leptailurus serval hindei,Sensory,Spices,thyme,Always use sparingly,Rubed on furnature or hidden in enclosure or other manipulanda
608,Kenya Serval,Leptailurus serval hindei,Sensory,Spices,all spice,Always use sparingly,Rubed on furnature or hidden in enclosure or other manipulanda
608,Kenya Serval,Leptailurus serval hindei,Sensory,Spices,dill celery seed,Always use sparingly,Rubed on furnature or hidden in enclosure or other manipulanda
608,Kenya Serval,Leptailurus serval hindei,Sensory,Spices,old bay seasoning,Always use sparingly,Rubed on furnature or hidden in enclosure or other manipulanda
608,Kenya Serval,Leptailurus serval hindei,Sensory,Spices,bay leaves,Always use sparingly,Rubed on furnature or hidden in enclosure or other manipulanda
608,Kenya Serval,Leptailurus serval hindei,Sensory,Spices,whole black peppercorn,Always use sparingly,Rubed on furnature or hidden in enclosure or other manipulanda
608,Kenya Serval,Leptailurus serval hindei,Sensory,Spices,parsley,Always use sparingly,Rubed on furnature or hidden in enclosure or other manipulanda
608,Kenya Serval,Leptailurus serval hindei,Sensory,Spices,mustard seed,Always use sparingly,Rubed on furnature or hidden in enclosure or other manipulanda
608,Kenya Serval,Leptailurus serval hindei,Sensory,Spices,oregano,Always use sparingly,Rubed on furnature or hidden in enclosure or other manipulanda
608,Kenya Serval,Leptailurus serval hindei,Sensory,Spices,all seasoning,Always use sparingly,Rubed on furnature or hidden in enclosure or other manipulanda
608,Kenya Serval,Leptailurus serval hindei,Sensory,Spices,lavender,Always use sparingly,Rubed on furnature or hidden in enclosure or other manipulanda
608,Kenya Serval,Leptailurus serval hindei,Sensory,Spices,cumin,Always use sparingly,Rubed on furnature or hidden in enclosure or other manipulanda
608,Kenya Serval,Leptailurus serval hindei,Sensory,Spices,coriander,Always use sparingly,Rubed on furnature or hidden in enclosure or other manipulanda
608,Kenya Serval,Leptailurus serval hindei,Sensory,Spices,orange peel,Always use sparingly,Rubed on furnature or hidden in enclosure or other manipulanda
608,Kenya Serval,Leptailurus serval hindei,Sensory,Spices,red pepper,Always use sparingly,Rubed on furnature or hidden in enclosure or other manipulanda
608,Kenya Serval,Leptailurus serval hindei,Sensory,Spices,fennel,Always use sparingly,Rubed on furnature or hidden in enclosure or other manipulanda
608,Kenya Serval,Leptailurus serval hindei,Sensory,Spices,cinnamon sticks,Always use sparingly,Rubed on furnature or hidden in enclosure or other manipulanda
608,Kenya Serval,Leptailurus serval hindei,Sensory,Spices,perfumes,Always use sparingly,Rubed on furnature or hidden in enclosure or other manipulanda
608,Kenya Serval,Leptailurus serval hindei,Sensory,Spices,chinchilla dust scented,Always use sparingly,Rubed on furnature or hidden in enclosure or other manipulanda
608,Kenya Serval,Leptailurus serval hindei,Sensory,Spices,almond oil,Always use sparingly,Rubed on furnature or hidden in enclosure or other manipulanda
608,Kenya Serval,Leptailurus serval hindei,Sensory,Spices,banana oil,Always use sparingly,Rubed on furnature or hidden in enclosure or other manipulanda
608,Kenya Serval,Leptailurus serval hindei,Sensory,Spices,sage oil,Always use sparingly,Rubed on furnature or hidden in enclosure or other manipulanda
608,Kenya Serval,Leptailurus serval hindei,Sensory,Spices,red apple mint oil,Always use sparingly,Rubed on furnature or hidden in enclosure or other manipulanda
608,Kenya Serval,Leptailurus serval hindei,Sensory,Spices,candy cane oil,Always use sparingly,Rubed on furnature or hidden in enclosure or other manipulanda
608,Kenya Serval,Leptailurus serval hindei,Sensory,Spices,gardenia oil,Always use sparingly,Rubed on furnature or hidden in enclosure or other manipulanda
608,Kenya Serval,Leptailurus serval hindei,Sensory,Spices,rose mary oil,Always use sparingly,Rubed on furnature or hidden in enclosure or other manipulanda
608,Kenya Serval,Leptailurus serval hindei,Sensory,Spices,chocolate mint oil,Always use sparingly,Rubed on furnature or hidden in enclosure or other manipulanda
608,Kenya Serval,Leptailurus serval hindei,Sensory,Spices,chocolate oil,Always use sparingly,Rubed on furnature or hidden in enclosure or other manipulanda
608,Kenya Serval,Leptailurus serval hindei,Sensory,Spices,rose oil,Always use sparingly,Rubed on furnature or hidden in enclosure or other manipulanda
608,Kenya Serval,Leptailurus serval hindei,Sensory,Spices,basil oil,Always use sparingly,Rubed on furnature or hidden in enclosure or other manipulanda
608,Kenya Serval,Leptailurus serval hindei,Sensory,Spices,citrus spearment oil,Always use sparingly,Rubed on furnature or hidden in enclosure or other manipulanda
608,Kenya Serval,Leptailurus serval hindei,Sensory,scents/extracts,hand lotions ,Always use sparingly,Rubed on furnature or hidden in enclosure or other manipulanda
608,Kenya Serval,Leptailurus serval hindei,Sensory,scents/extracts,shampoos,Always use sparingly,Rubed on furnature or hidden in enclosure or other manipulanda
608,Kenya Serval,Leptailurus serval hindei,Sensory,scents/extracts,conditioners,Always use sparingly,Rubed on furnature or hidden in enclosure or other manipulanda
608,Kenya Serval,Leptailurus serval hindei,Sensory,scents/extracts,body oil,Always use sparingly,Rubed on furnature or hidden in enclosure or other manipulanda
608,Kenya Serval,Leptailurus serval hindei,Sensory,scents/extracts,coffee grounds,fresh not used,
608,Kenya Serval,Leptailurus serval hindei,Sensory,Fur/Hair,dik dik feces,,
608,Kenya Serval,Leptailurus serval hindei,Sensory,Fur/Hair,horse/goat hair,in small amounts,if injested call vets
608,Kenya Serval,Leptailurus serval hindei,Sensory,Fur/Hair,horse urine,in small amounts,"if ingested in lge amts, stop, call vet"
608,Kenya Serval,Leptailurus serval hindei,Sensory,Fur/Hair,goat urine,in small amounts,"if ingested in lge amts, stop, call vet"
608,Kenya Serval,Leptailurus serval hindei,Sensory,Fur/Hair,snake skin,gas sterilize first,
608,Kenya Serval,Leptailurus serval hindei,Foraging ,Foods,bone,as part of diet,
608,Kenya Serval,Leptailurus serval hindei,Foraging ,Foods,crawfish,as part of diet,
608,Kenya Serval,Leptailurus serval hindei,Foraging ,Foods,diet scatter,,
608,Kenya Serval,Leptailurus serval hindei,Foraging ,Foods,crickets,,
608,Kenya Serval,Leptailurus serval hindei,Foraging ,Foods,Priscilla's kitty grass,www.kittygrass.com,use judgement; don't fill stomach
608,Kenya Serval,Leptailurus serval hindei,Foraging ,Foods,Kitty grass,in small amounts,
608,Kenya Serval,Leptailurus serval hindei,Foraging ,Foods,trout,live or pieces,Nutritionist sets amts; replaces CMD
608,Kenya Serval,Leptailurus serval hindei,Foraging ,Foarge Subs.,mulch,,
608,Kenya Serval,Leptailurus serval hindei,Foraging ,Foarge Subs.,dirt,,
608,Kenya Serval,Leptailurus serval hindei,Foraging ,Foarge Subs.,sod,use w/o mesh on back,
608,Kenya Serval,Leptailurus serval hindei,Foraging ,Foarge Subs.,tall grass,,
608,Kenya Serval,Leptailurus serval hindei,Foraging ,Foarge Subs.,dried leaves,what's the source?,
608,Kenya Serval,Leptailurus serval hindei,Manipulanda,Natural,palm fronds,"if ingest lge amt, stop, call vet",
608,Kenya Serval,Leptailurus serval hindei,Manipulanda,Natural,sisal mats,remove of frayed,
608,Kenya Serval,Leptailurus serval hindei,Manipulanda,Natural,ice blocks,,
608,Kenya Serval,Leptailurus serval hindei,Manipulanda,Manufactured,black rubber hose piece,,
608,Kenya Serval,Leptailurus serval hindei,Manipulanda,Manufactured,buoy,,
608,Kenya Serval,Leptailurus serval hindei,Manipulanda,Manufactured,cardboard boxes,"if ingest lge amt, stop, call vet",
608,Kenya Serval,Leptailurus serval hindei,Manipulanda,Manufactured,crumpled newspaper,"if ingest lge amt, stop, call vet",
608,Kenya Serval,Leptailurus serval hindei,Manipulanda,Manufactured,firehose items,,
608,Kenya Serval,Leptailurus serval hindei,Manipulanda,Manufactured,hard balls,,
608,Kenya Serval,Leptailurus serval hindei,Manipulanda,Manufactured,paper bags,"if ingeste lge amt, stop, call vet",
608,Kenya Serval,Leptailurus serval hindei,Manipulanda,Manufactured,pinata,,
608,Kenya Serval,Leptailurus serval hindei,Manipulanda,Manufactured,bubbles,,
608,Kenya Serval,Leptailurus serval hindei,Manipulanda,Manufactured,cardboard tubes,diet inside,
608,Kenya Serval,Leptailurus serval hindei,Manipulanda,Manufactured,baskets,,
608,Kenya Serval,Leptailurus serval hindei,Manipulanda,Manufactured,blue kiddy pool,,
608,Kenya Serval,Leptailurus serval hindei,Manipulanda,Manufactured,sono tube,"if wet or ingests, remove, call vet",
608,Kenya Serval,Leptailurus serval hindei,Manipulanda,Manufactured,mirror,non -glass type,
608,Kenya Serval,Leptailurus serval hindei,Social/Behavioral,Behavioral,Animal Presentations,If suitable and approved,
608,Kenya Serval,Leptailurus serval hindei,Social/Behavioral,Behavioral,PO.R. Training,Following Training plan,
608,Kenya Serval,Leptailurus serval hindei,Social/Behavioral,Social,Social Housing,If compatable,
608,Kenya Serval,Leptailurus serval hindei,Structure/Substrate,Exhibit Mod.,New Perching/Climbing,Must have supervisor approval,
608,Kenya Serval,Leptailurus serval hindei,Structure/Substrate,Exhibit Mod.,Water Feature,Must have supervisor approval,
608,Kenya Serval,Leptailurus serval hindei,Structure/Substrate,Exhibit Mod.,New Substrate,Must have supervisor approval,
608,Kenya Serval,Leptailurus serval hindei,Structure/Substrate,Exhibit Mod.,New Plants,Must have supervisor approval,
608,Kenya Serval,Leptailurus serval hindei,Structure/Substrate,Exhibit Mod.,New Shelter,Must have supervisor approval,
608,Kenya Serval,Leptailurus serval hindei,Structure/Substrate,Exhibit Mod.,pool with water,Must have supervisor approval,
608,Kenya Serval,Leptailurus serval hindei,Structure/Substrate,Exhibit Mod.,sisal mats,Remove if frayed,
608,Kenya Serval,Leptailurus serval hindei,Structure/Substrate,Exhibit Mod.,firehose hammock,Remove if frayed,
879,Bornean Binturong,Arctictis binturong penicillatus,Sensory,Spices,italian seasonings,Always use sparingly,Rubed on furnature or hidden in enclosure or other manipulanda
879,Bornean Binturong,Arctictis binturong penicillatus,Sensory,Spices,oregano,Always use sparingly,Rubed on furnature or hidden in enclosure or other manipulanda
879,Bornean Binturong,Arctictis binturong penicillatus,Sensory,Spices,all seasoning,Always use sparingly,Rubed on furnature or hidden in enclosure or other manipulanda
879,Bornean Binturong,Arctictis binturong penicillatus,Sensory,Spices,curry,Always use sparingly,Rubed on furnature or hidden in enclosure or other manipulanda
879,Bornean Binturong,Arctictis binturong penicillatus,Sensory,Spices,thyme,Always use sparingly,Rubed on furnature or hidden in enclosure or other manipulanda
879,Bornean Binturong,Arctictis binturong penicillatus,Sensory,Spices,all spice,Always use sparingly,Rubed on furnature or hidden in enclosure or other manipulanda
879,Bornean Binturong,Arctictis binturong penicillatus,Sensory,Spices,dill,Always use sparingly,Rubed on furnature or hidden in enclosure or other manipulanda
879,Bornean Binturong,Arctictis binturong penicillatus,Sensory,Spices,celery seed,Always use sparingly,Rubed on furnature or hidden in enclosure or other manipulanda
879,Bornean Binturong,Arctictis binturong penicillatus,Sensory,Spices,old bay seasoning,Always use sparingly,Rubed on furnature or hidden in enclosure or other manipulanda
879,Bornean Binturong,Arctictis binturong penicillatus,Sensory,Spices,bay leaves,Always use sparingly,Rubed on furnature or hidden in enclosure or other manipulanda
879,Bornean Binturong,Arctictis binturong penicillatus,Sensory,Spices,whole black peppercorn,Always use sparingly,Rubed on furnature or hidden in enclosure or other manipulanda
879,Bornean Binturong,Arctictis binturong penicillatus,Sensory,Spices,parsley,Always use sparingly,Rubed on furnature or hidden in enclosure or other manipulanda
879,Bornean Binturong,Arctictis binturong penicillatus,Sensory,Spices,mustard seed,Always use sparingly,Rubed on furnature or hidden in enclosure or other manipulanda
879,Bornean Binturong,Arctictis binturong penicillatus,Sensory,Spices,lavender,Always use sparingly,Rubed on furnature or hidden in enclosure or other manipulanda
879,Bornean Binturong,Arctictis binturong penicillatus,Sensory,Spices,cumin,Always use sparingly,Rubed on furnature or hidden in enclosure or other manipulanda
879,Bornean Binturong,Arctictis binturong penicillatus,Sensory,Spices,coriander,Always use sparingly,Rubed on furnature or hidden in enclosure or other manipulanda
879,Bornean Binturong,Arctictis binturong penicillatus,Sensory,Spices,orange peel,Always use sparingly,Rubed on furnature or hidden in enclosure or other manipulanda
879,Bornean Binturong,Arctictis binturong penicillatus,Sensory,Spices,red pepper,Always use sparingly,Rubed on furnature or hidden in enclosure or other manipulanda
879,Bornean Binturong,Arctictis binturong penicillatus,Sensory,Spices,fennel,Always use sparingly,Rubed on furnature or hidden in enclosure or other manipulanda
879,Bornean Binturong,Arctictis binturong penicillatus,Sensory,Spices,cinnamon sticks,Always use sparingly,Rubed on furnature or hidden in enclosure or other manipulanda
879,Bornean Binturong,Arctictis binturong penicillatus,Sensory,Spices,cinnamon,Always use sparingly,Rubed on furnature or hidden in enclosure or other manipulanda
879,Bornean Binturong,Arctictis binturong penicillatus,Sensory,scents/extracts,baby wipes,Always use sparingly (Rub Only),Rubed on furnature or hidden in enclosure or other manipulanda
879,Bornean Binturong,Arctictis binturong penicillatus,Sensory,scents/extracts,Get Off Garden,Always use sparingly,Rubed on furnature or hidden in enclosure or other manipulanda
879,Bornean Binturong,Arctictis binturong penicillatus,Sensory,scents/extracts,grapefruit body spray,Always use sparingly,Rubed on furnature or hidden in enclosure or other manipulanda
879,Bornean Binturong,Arctictis binturong penicillatus,Sensory,scents/extracts,herbal mist body spray,Always use sparingly,Rubed on furnature or hidden in enclosure or other manipulanda
879,Bornean Binturong,Arctictis binturong penicillatus,Sensory,scents/extracts,rabbit scent,Always use sparingly Outside Exhibit,Rubed on furnature or hidden in enclosure or other manipulanda
879,Bornean Binturong,Arctictis binturong penicillatus,Sensory,scents/extracts,raspberry spray,Always use sparingly,Rubed on furnature or hidden in enclosure or other manipulanda
879,Bornean Binturong,Arctictis binturong penicillatus,Sensory,scents/extracts,catnip,Always use sparingly (Rub Only),Rubed on furnature or hidden in enclosure or other manipulanda
879,Bornean Binturong,Arctictis binturong penicillatus,Sensory,scents/extracts,almond oil,Always use sparingly,Rubed on furnature or hidden in enclosure or other manipulanda
879,Bornean Binturong,Arctictis binturong penicillatus,Sensory,scents/extracts,banana oil,Always use sparingly,Rubed on furnature or hidden in enclosure or other manipulanda
879,Bornean Binturong,Arctictis binturong penicillatus,Sensory,scents/extracts,sage oil,Always use sparingly,Rubed on furnature or hidden in enclosure or other manipulanda
879,Bornean Binturong,Arctictis binturong penicillatus,Sensory,scents/extracts,red apple mint oil,Always use sparingly,Rubed on furnature or hidden in enclosure or other manipulanda
879,Bornean Binturong,Arctictis binturong penicillatus,Sensory,scents/extracts,candy cane oil,Always use sparingly,Rubed on furnature or hidden in enclosure or other manipulanda
879,Bornean Binturong,Arctictis binturong penicillatus,Sensory,scents/extracts,gardenia oil,Always use sparingly,Rubed on furnature or hidden in enclosure or other manipulanda
879,Bornean Binturong,Arctictis binturong penicillatus,Sensory,scents/extracts,rose mary oil,Always use sparingly,Rubed on furnature or hidden in enclosure or other manipulanda
879,Bornean Binturong,Arctictis binturong penicillatus,Sensory,scents/extracts,chocolate mint oil,Always use sparingly,Rubed on furnature or hidden in enclosure or other manipulanda
879,Bornean Binturong,Arctictis binturong penicillatus,Sensory,scents/extracts,chocolate oil,Always use sparingly,Rubed on furnature or hidden in enclosure or other manipulanda
879,Bornean Binturong,Arctictis binturong penicillatus,Sensory,scents/extracts,rose oil,Always use sparingly,Rubed on furnature or hidden in enclosure or other manipulanda
879,Bornean Binturong,Arctictis binturong penicillatus,Sensory,scents/extracts,nutmeg geranium oil,Always use sparingly,Rubed on furnature or hidden in enclosure or other manipulanda
879,Bornean Binturong,Arctictis binturong penicillatus,Sensory,scents/extracts,basil oil,Always use sparingly,Rubed on furnature or hidden in enclosure or other manipulanda
879,Bornean Binturong,Arctictis binturong penicillatus,Sensory,scents/extracts,citrus speariment oil,Always use sparingly,Rubed on furnature or hidden in enclosure or other manipulanda
879,Bornean Binturong,Arctictis binturong penicillatus,Sensory,scents/extracts,hand lotions,Always use sparingly,Rubed on furnature or hidden in enclosure or other manipulanda
879,Bornean Binturong,Arctictis binturong penicillatus,Sensory,scents/extracts,shampoos,Always use sparingly,Rubed on furnature or hidden in enclosure or other manipulanda
879,Bornean Binturong,Arctictis binturong penicillatus,Sensory,scents/extracts,conditioner,Always use sparingly,Rubed on furnature or hidden in enclosure or other manipulanda
879,Bornean Binturong,Arctictis binturong penicillatus,Sensory,scents/extracts,body oil,Always use sparingly,Rubed on furnature or hidden in enclosure or other manipulanda
879,Bornean Binturong,Arctictis binturong penicillatus,Sensory,scents/extracts,perfume,Always use sparingly,Rubed on furnature or hidden in enclosure or other manipulanda
879,Bornean Binturong,Arctictis binturong penicillatus,Sensory,scents/extracts,chinchilla dust - scented,Always use sparingly,Rubed on furnature or hidden in enclosure or other manipulanda
879,Bornean Binturong,Arctictis binturong penicillatus,Sensory,Fur/Hair,snake skin,gas sterilize first,
879,Bornean Binturong,Arctictis binturong penicillatus,Foraging ,Foods,applesauce,scattered,as part of fruit component of diet
879,Bornean Binturong,Arctictis binturong penicillatus,Foraging ,Foods,bacon bits,scattered,see enrichment rule 1
879,Bornean Binturong,Arctictis binturong penicillatus,Foraging ,Foods,browse,,
879,Bornean Binturong,Arctictis binturong penicillatus,Foraging ,Foods,diet scatter,,
879,Bornean Binturong,Arctictis binturong penicillatus,Foraging ,Foods,ice cubes,w/ almond and lemon extracts,
879,Bornean Binturong,Arctictis binturong penicillatus,Foraging ,Foods,"peanuts, in shell",scattered,see enrichment rule 1
879,Bornean Binturong,Arctictis binturong penicillatus,Foraging ,Foods,popcorn,1 cup,1 or 2 times/month
879,Bornean Binturong,Arctictis binturong penicillatus,Foraging ,Foods,juniper berries,as part of fruit component of diet,
879,Bornean Binturong,Arctictis binturong penicillatus,Foraging ,Foods,crystal light,,
879,Bornean Binturong,Arctictis binturong penicillatus,Foraging ,Foods,jello,,
879,Bornean Binturong,Arctictis binturong penicillatus,Foraging ,Foods,earthworms,,
879,Bornean Binturong,Arctictis binturong penicillatus,Foraging ,Foarge Subs.,dried leaves,piled w & w/o diet,SOURCE?
879,Bornean Binturong,Arctictis binturong penicillatus,Foraging ,Foarge Subs.,sod,,w/o plastic backing
879,Bornean Binturong,Arctictis binturong penicillatus,Manipulanda,Natural,ice blocks,sometimes w/diet items,
879,Bornean Binturong,Arctictis binturong penicillatus,Manipulanda,Manufactured,cardboard boxes,,
879,Bornean Binturong,Arctictis binturong penicillatus,Manipulanda,Manufactured,feather toy,outside exhibit,
879,Bornean Binturong,Arctictis binturong penicillatus,Manipulanda,Manufactured,firehose items,,
879,Bornean Binturong,Arctictis binturong penicillatus,Manipulanda,Manufactured,bubbles,,
879,Bornean Binturong,Arctictis binturong penicillatus,Manipulanda,Manufactured,cardboard tubes,diet inside,"if ingested in lkg amts, stop/call vet"
879,Bornean Binturong,Arctictis binturong penicillatus,Manipulanda,Manufactured,sono-tube cardboard,do not get wet,"if ingested in lg amts, stop/call vet"
879,Bornean Binturong,Arctictis binturong penicillatus,Manipulanda,Manufactured,mirror,outside of enclosure,non glass type
879,Bornean Binturong,Arctictis binturong penicillatus,Manipulanda,Manufactured,tissue paper,,
879,Bornean Binturong,Arctictis binturong penicillatus,Social/Behavioral,Behavioral,Animal Presentations,If suitable and approved,
879,Bornean Binturong,Arctictis binturong penicillatus,Social/Behavioral,Behavioral,PO.R. Training,Following Training plan,
879,Bornean Binturong,Arctictis binturong penicillatus,Social/Behavioral,Social,Social Housing,If compatable,
879,Bornean Binturong,Arctictis binturong penicillatus,Structure/Substrate,Exhibit Mod.,New Perching/Climbing,Must have supervisor approval,
879,Bornean Binturong,Arctictis binturong penicillatus,Structure/Substrate,Exhibit Mod.,Water Feature,Must have supervisor approval,
879,Bornean Binturong,Arctictis binturong penicillatus,Structure/Substrate,Exhibit Mod.,New Substrate,Must have supervisor approval,
879,Bornean Binturong,Arctictis binturong penicillatus,Structure/Substrate,Exhibit Mod.,New Plants,Must have supervisor approval,
879,Bornean Binturong,Arctictis binturong penicillatus,Structure/Substrate,Exhibit Mod.,New Shelter,Must have supervisor approval,
879,Bornean Binturong,Arctictis binturong penicillatus,Structure/Substrate,Exhibit Mod.,pool with water,Must have supervisor approval,
879,Bornean Binturong,Arctictis binturong penicillatus,Structure/Substrate,Exhibit Mod.,sisal mats,Remove if frayed,
879,Bornean Binturong,Arctictis binturong penicillatus,Structure/Substrate,Exhibit Mod.,firehose hammock,Remove if frayed,
879,Bornean Binturong,Arctictis binturong penicillatus,Structure/Substrate,Exhibit Mod.,baskets,Must have supervisor approval,
